PEGATRON CORPORATION,522
RuggedCom Inc.,522
"Cisco Systems, Inc",332
"MOXA TECHNOLOGIES CORP., LTD.",1777
Westermo Network Technologies AB,1788
"Siemens Numerical Control Ltd., Nanjing",3562
Siemens AG,7650
"Wistron InfoComm(Kunshan)Co.,Ltd.",4089
"Apple, Inc.",12
Intel Corporate,43
PEGATRON CORPORATION,522
RuggedCom Inc.,522
"Cisco Systems, Inc",332
"MOXA TECHNOLOGIES CORP., LTD.",1777
Westermo Network Technologies AB,1788
"Siemens Numerical Control Ltd., Nanjing",3562
Siemens AG,7650
"Wistron InfoComm(Kunshan)Co.,Ltd.",4089
"Apple, Inc.",12
Intel Corporate,43
